GEOID,Tract,z_A12_est,z_D1_est,z_E4_median_home_value,z_E10_eviction_rate,z_PLACES_EMOTIONSPT,z_G8_lbw_pct_2223,z_FARA_LILATracts_halfAnd10,z_I6b_ags_personal_idx,z_J8_self_response,z_K10b_cra_sb_rev_lt1m_count,GCNVI_score,GCNVI_category
370810101001,37081010100,-1.0848266000530322,-0.6673549472166865,-1.0054323993113736,-1.5273563689155083,-1.3225785005311572,-0.14989808889935208,-1.1232742169403482,-1.5645306049758183,-0.9640370882770756,-1.3245582350120821,-1.0733847050132435,2 Low Vitality
370810102001,37081010200,-2.440290612474952,-2.0107945635327775,-0.7236966019188512,-2.464587642667239,-0.15471296222405564,-0.13221359794725024,-1.1232742169403482,-0.5172964785463455,-0.3502253061946182,0.11765781169127201,-0.9799434170755166,2 Low Vitality
370810102002,37081010200,-0.07493971450763798,-0.680313376929631,-0.13427070804157126,-0.43442622067503783,-0.15471296222405564,-0.13221359794725024,-1.1232742169403482,-0.5172964785463455,-0.3502253061946182,0.11765781169127201,-0.3484014770315224,3 Moderate Vitality
370810102003,37081010200,0.6788055848196274,-0.5900463013440513,-0.6164940621900542,0.44660155691978176,-0.15471296222405564,-0.13221359794725024,-1.1232742169403482,-0.5172964785463455,-0.3502253061946182,0.11765781169127201,-0.22411979719560424,3 Moderate Vitality
370810103001,37081010300,0.24919305520019103,-0.0012885271580755616,-0.6416960627578767,-0.030368653709137848,-0.9662805396917025,-0.009813076301240762,-1.1232742169403482,-1.0869918433239787,-0.4510003748947232,-0.3119384575395144,-0.4373458697116407,2 Low Vitality
370810103002,37081010300,-1.0344371090566706,-1.4040257495566517,-1.0099461904578493,0.16026752920146525,-0.9662805396917025,-0.009813076301240762,-1.1232742169403482,-1.0869918433239787,-0.4510003748947232,-0.3119384575395144,-0.7237440028561213,2 Low Vitality
370810104011,37081010401,0.4913610887718924,-0.8786285534168701,0.39421900535828724,0.8195193489879341,1.2902732122915097,,0.8902545655537868,0.2786014575400538,0.8041072989156738,0.2710850507022671,0.4845324971893928,4 High Vitality
370810104012,37081010401,0.6788055848196274,0.4882436153396849,0.1628872091014097,1.0724350816940331,1.2902732122915097,,0.8902545655537868,0.2786014575400538,0.8041072989156738,0.2710850507022671,0.6596325639953385,4 High Vitality
370810104031,37081010403,0.32786201624161476,-0.45559806808868064,0.5224859037706373,-1.4741908995778885,1.1715072253450252,1.1398501305384308,0.8902545655537868,-0.29947178024901516,0.7583004495065352,-0.8029056223746988,0.1778093920665747,3 Moderate Vitality
370810104032,37081010403,0.26172403013064105,0.3734895090563263,0.2896495104649345,0.8620517244580289,1.1715072253450252,1.1398501305384308,0.8902545655537868,-0.29947178024901516,0.7583004495065352,-0.8029056223746988,0.46444497424299946,4 High Vitality
370810104041,37081010404,0.6788055848196274,1.2101224540177355,3.7874614997213647,0.028872869267065508,1.9830748028126717,1.0137414157489586,0.8902545655537868,0.9488312984549163,1.5919851087528585,-0.3733093531439124,1.1759840246005073,5 Very High Vitality
370810104042,37081010404,0.6788055848196274,1.279326840167346,5.504959030955353,-0.5301240654827514,1.9830748028126717,1.0137414157489586,0.8902545655537868,0.9488312984549163,1.5919851087528585,-0.3733093531439124,1.2987545228638855,5 Very High Vitality
370810104043,37081010404,0.6788055848196274,1.201994835900469,4.09439929768171,0.687365182348711,1.9830748028126717,1.0137414157489586,0.8902545655537868,0.9488312984549163,1.5919851087528585,-0.3733093531439124,1.2717142738929796,5 Very High Vitality
370810105001,37081010500,-0.00570919013094818,-1.156172764834474,0.269337450305794,0.9585090759705651,1.6465711731309645,0.5534005128111652,0.8902545655537868,0.16131123537995284,0.8682368880884681,-0.8949619657812958,0.3290776980493978,3 Moderate Vitality
370810105002,37081010500,0.4192233584747338,1.3049224520174927,1.803650290845312,1.2334505031165348,1.6465711731309645,0.5534005128111652,0.8902545655537868,0.16131123537995284,0.8682368880884681,-0.8949619657812958,0.7986059013637115,4 High Vitality
370810105003,37081010500,0.44447147775448026,0.7874756501907931,-0.3125654583273598,0.9463569686933949,1.6465711731309645,0.5534005128111652,0.8902545655537868,0.16131123537995284,0.8682368880884681,-0.8949619657812958,0.509055104749435,4 High Vitality
370810106011,37081010601,0.6788055848196274,-0.18612911199774732,0.1726670899187736,1.3739592435088122,0.9933582449252975,-0.7185940874116844,-1.1232742169403482,0.16131123537995284,0.5109434626971878,-0.5574220399571066,0.13056254049427649,3 Moderate Vitality
370810106012,37081010601,0.44662576182640584,0.6255082955593912,0.26519980842152463,-0.7693686775020337,0.9933582449252975,-0.7185940874116844,-1.1232742169403482,0.16131123537995284,0.5109434626971878,-0.5574220399571066,-0.016571221300141305,3 Moderate Vitality
370810106021,37081010602,0.6788055848196274,0.5515201148399025,1.3451243402158262,0.795215134433594,0.003641687037923603,-0.7594235437151343,-1.1232742169403482,0.5802048859517419,-1.4129442124866336,-0.8949619657812958,-0.023609219162479635,3 Moderate Vitality
370810106022,37081010602,-1.6966989907231387,-1.4168977049930804,0.04139099740877318,-0.8802566564062096,0.003641687037923603,-0.7594235437151343,-1.1232742169403482,0.5802048859517419,-1.4129442124866336,-0.8949619657812958,-0.7559219720647403,2 Low Vitality
370810106023,37081010602,0.4619394210378176,-1.6702518543475944,-0.05945461978873719,-0.29315797357793755,0.003641687037923603,-0.7594235437151343,-1.1232742169403482,0.5802048859517419,-1.4129442124866336,-0.8949619657812958,-0.5167682392610199,2 Low Vitality
370810106024,37081010602,0.6788055848196274,-1.794011404999329,0.6650464741468268,0.4610321843114209,0.003641687037923603,-0.7594235437151343,-1.1232742169403482,0.5802048859517419,-1.4129442124866336,-0.8949619657812958,-0.35958845276552004,3 Moderate Vitality
370810107011,37081010701,-0.9001363046638251,-0.1918406017101589,0.5631100240889182,0.951673515627157,0.874592257978813,-0.6919661811268261,0.8902545655537868,-0.7434990498551116,-1.4037828426048058,-0.7108492789681017,-0.1362443895680154,3 Moderate Vitality
370810107012,37081010701,0.4033646372510908,-0.24882007236935874,0.5984680547363108,0.03646793631529669,0.874592257978813,-0.6919661811268261,0.8902545655537868,-0.7434990498551116,-1.4037828426048058,-0.7108492789681017,-0.0995769973088906,3 Moderate Vitality
370810107021,37081010702,-0.13591580493132951,-1.576411046132977,-0.29375799521704454,0.9159767005004702,-0.3328619426437834,,-1.1232742169403482,-1.1707705734383365,-1.0281666774498692,-1.232501891605485,-0.6641870497620782,2 Low Vitality
370810107022,37081010702,0.19129750119629071,-1.4247371808217888,0.378097247980125,-0.7777232512550886,-0.3328619426437834,,-1.1232742169403482,-1.1707705734383365,-1.0281666774498692,-1.232501891605485,-0.7245156649975871,2 Low Vitality
370810108001,37081010800,-0.1702684374758946,-0.3806252623942125,0.36901700479046484,0.5719201632155969,0.2015849986153984,,0.8902545655537868,-1.0534803512782356,-0.9640370882770756,2.910033561691383,0.26382212827124574,3 Moderate Vitality
370810108002,37081010800,0.6788055848196274,-1.2225531733906556,0.28852106267831557,0.8893939658316612,0.2015849986153984,,0.8902545655537868,-1.0534803512782356,-0.9640370882770756,2.910033561691383,0.29094701402713397,3 Moderate Vitality
370810108003,37081010800,-2.2919687833497107,-1.9923042665183934,-0.5721084492497103,0.7232365804588815,0.2015849986153984,,0.8902545655537868,-1.0534803512782356,-0.9640370882770756,2.910033561691383,-0.23875435915040835,3 Moderate Vitality
370810109001,37081010900,-0.6115027201918104,-1.035664525307805,0.1109786109169396,-3.164093317809333,-0.1349186310663086,-0.9145754776682427,-1.1232742169403482,-1.5896642240101255,-1.14726448591363,-0.8335910701768978,-1.0443570058167562,2 Low Vitality
370810109002,37081010900,-1.1077309141422873,-1.2543903049997989,0.683853937257142,0.7838225338612473,-0.1349186310663086,-0.9145754776682427,-1.1232742169403482,-1.5896642240101255,-1.14726448591363,-0.8335910701768978,-0.663773285379925,2 Low Vitality
370810110001,37081011000,0.3038534800992255,-1.1601624857014046,-1.2567001064651853,-2.4099031599199763,-1.738259454843854,-1.7633478222352457,-1.1232742169403482,-1.2796829225870017,-2.6955359959425143,-0.5267365921549075,-1.364974927669121,1 Very Low Vitality
370810110002,37081011000,-2.440413450226893,-1.3701361493392317,-1.0753961620817463,-1.494697580608115,-1.738259454843854,-1.7633478222352457,-1.1232742169403482,-1.2796829225870017,-2.6955359959425143,-0.5267365921549075,-1.5507480346959857,1 Very Low Vitality
370810111011,37081011101,-0.7049673602343051,0.16847531697776424,-0.7752290508411149,-1.7331826859225734,-1.7184651236861062,-0.11477818433250166,-1.1232742169403482,-2.9301239058398507,-1.0556507870953529,-1.2631873394076842,-1.1250383337322074,2 Low Vitality
370810111012,37081011101,-1.4559920936697661,-0.6068388274790223,-0.6044572857994525,-0.5559472934467374,-1.7184651236861062,-0.11477818433250166,-1.1232742169403482,-2.9301239058398507,-1.0556507870953529,-1.2631873394076842,-1.142871505769682,1 Very Low Vitality
370810111013,37081011101,-3.6167159520006558,-1.761578744185037,-0.9219272631015739,-1.1445649896846557,-1.7184651236861062,-0.11477818433250166,-1.1232742169403482,-2.9301239058398507,-1.0556507870953529,-1.2631873394076842,-1.5650266506273767,1 Very Low Vitality
370810111014,37081011101,-0.5182678359016315,-0.6960834156303919,-0.7255773482298827,-1.1445649896846557,-1.7184651236861062,-0.11477818433250166,-1.1232742169403482,-2.9301239058398507,-1.0556507870953529,-1.2631873394076842,-1.1289973146748407,2 Low Vitality
370810111021,37081011102,0.1554677844394078,0.03499493555742759,-0.8113393800129203,-1.2220346735766139,-1.2434011759001669,-0.7594235437151343,-1.1232742169403482,-0.919434383095263,-0.4051935254855846,-1.4166145784186792,-0.7710252757147875,2 Low Vitality
370810111022,37081011102,-0.062291763676481045,0.38025264291019617,-0.8451928136114877,-0.0022669056306824456,-1.2434011759001669,-0.7594235437151343,-1.1232742169403482,-0.919434383095263,-0.4051935254855846,-1.4166145784186792,-0.6396840263563631,2 Low Vitality
370810112011,37081011201,-2.252200245844507,-1.1501148034483044,-0.8843123368809434,-1.253933955179185,-1.06525219548044,,-1.1232742169403482,-0.5256743515577813,-2.393210789842199,-1.3859291306164803,-1.3371002250877986,1 Very Low Vitality
370810112012,37081011201,-1.4961620903850337,-1.6585875900412095,0.029730370280377724,-1.253933955179185,-1.06525219548044,,-1.1232742169403482,-0.5256743515577813,-2.393210789842199,-1.3859291306164803,-1.2080326610846999,1 Very Low Vitality
370810112021,37081011202,0.5308571656593254,-0.3492092150695412,-1.0588455945446689,-1.253933955179185,-1.4611388186353895,-0.10615224285994185,-1.1232742169403482,-1.6650650811130476,-1.0281666774498692,-1.2018164438032861,-0.8716745079935952,2 Low Vitality
370810112022,37081011202,-1.4686800633217159,-0.8083051478292431,-0.8256330519767598,-1.253933955179185,-1.4611388186353895,-0.10615224285994185,-1.1232742169403482,-1.6650650811130476,-1.0281666774498692,-1.2018164438032861,-1.0942165699108788,2 Low Vitality
370810113001,37081011300,0.5814622499402924,-0.5122806706367493,-0.9373493828520324,-1.2729216227997624,-1.2829898382156624,-2.1055947353671014,-1.1232742169403482,-1.79911104929602,-0.9731984581589028,-0.9256474135834949,-1.035090513790978,2 Low Vitality
370810113002,37081011300,-0.5200775643940347,-1.5573417987575884,-1.043047325532004,-1.1908948986788657,-1.2829898382156624,-2.1055947353671014,-1.1232742169403482,-1.79911104929602,-0.9731984581589028,-0.9256474135834949,-1.2521177298924022,1 Very Low Vitality
370810113003,37081011300,-1.4718607755782782,-0.29640437582602003,-0.9328355917055567,-0.24454954446925772,-1.2829898382156624,-2.1055947353671014,-1.1232742169403482,-1.79911104929602,-0.9731984581589028,-0.9256474135834949,-1.1155465999140641,2 Low Vitality
370810113004,37081011300,0.06030641735525996,0.5901247958272213,-0.7304672886385647,-0.5582258135612068,-1.2829898382156624,-2.1055947353671014,-1.1232742169403482,-1.79911104929602,-0.9731984581589028,-0.9256474135834949,-0.8848077600578819,2 Low Vitality
370810114001,37081011400,-1.4015605434587348,-0.7879064074257234,-0.7620638266638943,-0.04176125428148502,-1.6590821302128642,-1.5351832134806742,-1.1232742169403482,-3.2903724453315895,-1.3213305136683564,-1.2018164438032861,-1.3124350995266956,1 Very Low Vitality
370810114002,37081011400,-4.828045931211331,-1.694261649103329,-0.885064635405356,-0.6843039265618447,-1.6590821302128642,-1.5351832134806742,-1.1232742169403482,-3.2903724453315895,-1.3213305136683564,-1.2018164438032861,-1.822273510571898,1 Very Low Vitality
370810114003,37081011400,-2.1334286427095006,-1.9315304437725185,-0.6966138550399972,-2.0688846494543918,-1.6590821302128642,-1.5351832134806742,-1.1232742169403482,-3.2903724453315895,-1.3213305136683564,-1.2018164438032861,-1.6961516554413525,1 Very Low Vitality
370810114004,37081011400,0.4185661882814556,0.6626643996701455,-1.031762847665815,-0.8369647742312919,-1.6590821302128642,-1.5351832134806742,-1.1232742169403482,-3.2903724453315895,-1.3213305136683564,-1.2018164438032861,-1.0918555997382624,2 Low Vitality
370810114005,37081011400,-0.8642665384527953,-1.4276366295354368,-0.9858726376766458,-0.8521549083277543,-1.6590821302128642,-1.5351832134806742,-1.1232742169403482,-3.2903724453315895,-1.3213305136683564,-1.2018164438032861,-1.426098967742975,1 Very Low Vitality
370810115001,37081011500,0.21690191735297845,-1.3637400285084182,-0.9275695020346685,0.011404215056133838,-0.8871032150607129,-0.7085540571731316,-1.1232742169403482,-1.4472403828157172,-1.1564258557954572,-1.07907465259449,-0.846467577851383,2 Low Vitality
370810115002,37081011500,-2.2178109285382366,-0.2284087992219642,-0.9369732335898261,0.07975981849021464,-0.8871032150607129,-0.7085540571731316,-1.1232742169403482,-1.4472403828157172,-1.1564258557954572,-1.07907465259449,-0.970510552323967,2 Low Vitality
370810115003,37081011500,-0.005188646575852746,-0.7971118184813041,-0.8963491132715452,-0.6037962158505943,-0.8871032150607129,-0.7085540571731316,-1.1232742169403482,-1.4472403828157172,-1.1564258557954572,-1.07907465259449,-0.8704118174559154,2 Low Vitality
370810116011,37081011601,-0.7056329556864718,-0.42312262269207174,-0.836917529842949,-0.49898429058500343,-1.1048408577959348,1.789501085514499,-1.1232742169403482,-0.7183654308208043,-0.5792595532403112,-0.2505675619351163,-0.44514639340245116,2 Low Vitality
370810116012,37081011601,0.05751977275459627,-0.19817000941627072,-0.7880181257561293,0.18836927727992087,-1.1048408577959348,1.789501085514499,-1.1232742169403482,-0.7183654308208043,-0.5792595532403112,-0.2505675619351163,-0.27271056203558985,3 Moderate Vitality
370810116013,37081011601,-0.00750825397354833,-0.45444699324592897,-0.7458894083890232,-0.6402525376821037,-1.1048408577959348,1.789501085514499,-1.1232742169403482,-0.7183654308208043,-0.5792595532403112,-0.2505675619351163,-0.38349037285086196,2 Low Vitality
370810116021,37081011602,-1.46899137834891,0.12409464416837941,-0.8308991416476481,-1.187856871859574,-0.8871032150607129,-0.7185940874116844,-1.1232742169403482,-0.802144160935162,-0.8724233894587984,0.6699958721308544,-0.7097195945363602,2 Low Vitality
370810116022,37081011602,0.14243126076995768,-0.7793607457505839,-0.917037322692892,-1.7688795010492608,-0.8871032150607129,-0.7185940874116844,-1.1232742169403482,-0.802144160935162,-0.8724233894587984,0.6699958721308544,-0.705638950639863,2 Low Vitality
370810116023,37081011602,0.6788055848196274,-0.5197887167794589,-0.7895227228049545,0.48837442568505346,-0.8871032150607129,-0.7185940874116844,-1.1232742169403482,-0.802144160935162,-0.8724233894587984,0.6699958721308544,-0.3875674626755584,2 Low Vitality
370810119041,37081011904,0.2886073017863604,-0.19932081081738182,-0.42315334141601346,-1.2410223411971937,-1.1048408577959348,0.6704080044801761,-1.1232742169403482,-0.8607892720152125,-0.4418390050128954,-0.7108492789681017,-0.5146073817896546,2 Low Vitality
370810119042,37081011904,-0.6713041467676724,-0.026950774868331532,-0.5690992551520598,-1.2782381697335259,-1.1048408577959348,0.6704080044801761,-1.1232742169403482,-0.8607892720152125,-0.4418390050128954,-0.7108492789681017,-0.6116776972773906,2 Low Vitality
370810119043,37081011904,0.22795224432586483,-0.8449809653355719,-0.3456665934015147,-1.2596302554653587,-1.1048408577959348,0.6704080044801761,-1.1232742169403482,-0.8607892720152125,-0.4418390050128954,-0.7108492789681017,-0.5793510196128897,2 Low Vitality
370810119051,37081011905,-0.6010361559368599,-0.8944341644247499,-0.4013366842080478,-1.7362207127418676,-0.8277202215874703,-1.104205619166485,-1.1232742169403482,-0.3497390183176299,-0.5975822930039669,-0.5574220399571066,-0.8192971126284532,2 Low Vitality
370810119052,37081011905,0.4987800828361285,0.08340751309169914,-0.7383664231448971,-0.3053100808551076,-0.8277202215874703,-1.104205619166485,-1.1232742169403482,-0.3497390183176299,-0.5975822930039669,-0.5574220399571066,-0.5021432317045184,2 Low Vitality
370810119053,37081011905,-0.32766858260117426,0.3251531718598102,-0.4111165650254117,0.011404215056133838,-0.8277202215874703,-1.104205619166485,-1.1232742169403482,-0.3497390183176299,-0.5975822930039669,-0.5574220399571066,-0.4962171169683649,2 Low Vitality
370810125031,37081012503,0.1031191957482908,0.24024201467695475,-0.16210575344483782,0.8111647752348796,1.1319185630295303,1.3426349162947175,0.8902545655537868,0.4880482828259483,1.1522393544251281,-0.005083979517524098,0.5992431934826874,4 High Vitality
370810125032,37081012503,-0.1360778310612103,0.10429584375746252,0.33215437709424694,0.05089856370693641,1.1319185630295303,1.3426349162947175,0.8902545655537868,0.4880482828259483,1.1522393544251281,-0.005083979517524098,0.5351282656109022,4 High Vitality
370810125033,37081012503,0.6788055848196274,1.3449701897625377,2.320103227854569,0.28911979120816395,1.1319185630295303,1.3426349162947175,0.8902545655537868,0.4880482828259483,1.1522393544251281,-0.005083979517524098,0.9633010496256483,4 High Vitality
370810125041,37081012504,-0.14666589495713425,0.06403695127764492,0.2922825553003786,-0.19670062206540134,0.02343601819567136,0.3629521487116054,-1.1232742169403482,0.3121129495857969,-0.11202968926709805,-0.7415347267703007,-0.12653845269291855,3 Moderate Vitality
370810125042,37081012504,0.5870656815330787,-1.0736541146835974,3.769030185873256,-0.07517954929370209,0.02343601819567136,0.3629521487116054,-1.1232742169403482,0.3121129495857969,-0.11202968926709805,-0.7415347267703007,0.19289246869443616,3 Moderate Vitality
370810125051,37081012505,0.5591179714749759,1.3749869909466905,1.0483425723350517,0.9114196602715315,1.9038974781816818,1.5678554655814874,0.8902545655537868,1.1080108856721962,1.9217944244986558,0.4551977375154613,1.174087775203152,5 Very High Vitality
370810125052,37081012505,0.6788055848196274,1.3560987945481056,1.7667876631490942,0.9152171937956474,1.9038974781816818,1.5678554655814874,0.8902545655537868,1.1080108856721962,1.9217944244986558,0.4551977375154613,1.2563919793315743,5 Very High Vitality
370810125053,37081012505,0.6788055848196274,1.3604938882712654,1.880008591073192,1.0595234677120402,1.9038974781816818,1.5678554655814874,0.8902545655537868,1.1080108856721962,1.9217944244986558,0.4551977375154613,1.2825842088879393,5 Very High Vitality
370810125081,37081012508,0.6788055848196274,0.7427611276653472,-0.13991294697466583,0.7853415472708936,1.0527412383985402,1.5678554655814874,0.8902545655537868,0.28697933055148955,1.1155938748978167,1.4678175149880293,0.8448237302752352,4 High Vitality
370810125082,37081012508,0.3086605583648718,0.879245307284993,0.1267768799296044,1.1764875002548008,1.0527412383985402,1.5678554655814874,0.8902545655537868,0.28697933055148955,1.1155938748978167,1.4678175149880293,0.887241223580542,4 High Vitality
370810125083,37081012508,0.5470176852906814,0.4645074693996143,-0.02405897421512389,0.42457586247991125,1.0527412383985402,1.5678554655814874,0.8902545655537868,0.28697933055148955,1.1155938748978167,1.4678175149880293,0.7793284032926233,4 High Vitality
370810125091,37081012509,0.5685109907932562,0.95404396337185,1.012984541687659,1.1673734197969234,1.547599517342227,1.208357082031603,0.8902545655537868,0.7226287271461502,1.8210193557985515,-0.43468024874831046,0.9458091914773696,4 High Vitality
370810125101,37081012510,0.6788055848196274,1.390782490665157,1.7276681398796385,1.40509901840656,1.5871881796577219,0.6812729858494413,0.8902545655537868,0.999098536523531,1.8576648353258614,0.6699958721308544,1.188783020881218,5 Very High Vitality
370810125102,37081012510,0.46357409061406235,0.930153175382792,1.1529120672284043,1.266109291423929,1.5871881796577219,0.6812729858494413,0.8902545655537868,0.999098536523531,1.8576648353258614,0.6699958721308544,1.0498223599690384,4 High Vitality
370810125111,37081012511,0.6788055848196274,1.3834101572586197,1.7995126489610427,1.0701565615795638,1.6861598354464593,1.1990516881519682,0.8902545655537868,1.1582781237408108,2.10502182213521,1.345075723779233,1.3315726711426321,5 Very High Vitality
370810125112,37081012511,0.6788055848196274,1.3565098198163852,1.498969388458205,1.1430692052425835,1.6861598354464593,1.1990516881519682,0.8902545655537868,1.1582781237408108,2.10502182213521,1.345075723779233,1.306119575714427,5 Very High Vitality
370810125113,37081012511,0.6788055848196274,1.2857706014186925,1.3876292068451388,1.40509901840656,1.6861598354464593,1.1990516881519682,0.8902545655537868,1.1582781237408108,2.10502182213521,1.345075723779233,1.3141146170297486,5 Very High Vitality
370810125114,37081012511,0.6788055848196274,1.431364774557217,0.7880472828882886,1.1126889370496587,1.6861598354464593,1.1990516881519682,0.8902545655537868,1.1582781237408108,2.10502182213521,1.345075723779233,1.2394748338122261,5 Very High Vitality
370810126041,37081012604,-1.210419742264508,0.5460334392564147,-0.5830167778536931,0.6023004314085216,-1.1246351889536825,0.5395228800783293,-1.1232742169403482,-0.2575824151918363,-1.0006825678043865,-0.1278257707263202,-0.37395799289915094,3 Moderate Vitality
370810126042,37081012604,0.18617989009481334,0.11159778498124548,-0.7470178561756421,-0.4640469821631397,-1.1246351889536825,0.5395228800783293,-1.1232742169403482,-0.2575824151918363,-1.0006825678043865,-0.1278257707263202,-0.40077644428009673,2 Low Vitality
370810126043,37081012604,0.3591707538725569,0.055988774054221195,-0.69021931758249,-1.0777283996602218,-1.1246351889536825,0.5395228800783293,-1.1232742169403482,-0.2575824151918363,-1.0006825678043865,-0.1278257707263202,-0.4447265468854179,2 Low Vitality
370810126044,37081012604,-5.792613324363769,-2.0992939240520063,-0.8662571722950407,-2.2845845536241596,-1.1246351889536825,0.5395228800783293,-1.1232742169403482,-0.2575824151918363,-1.0006825678043865,-0.1278257707263202,-1.4137226253873219,1 Very Low Vitality
370810126071,37081012607,0.4134151503121114,0.2311838916392797,-0.11997703607773166,0.4131832619075647,0.10261334282666099,-2.0593451525114452,0.8902545655537868,0.613716377997485,0.5842344217518093,-0.49605114435270853,0.05732276790468123,3 Moderate Vitality
370810126081,37081012608,-1.1312102319325283,-1.8001481556551997,-1.1235432676441535,-1.2706431026852931,-1.06525219548044,1.1501387203231197,-1.1232742169403482,-0.9110565100838273,-1.7610762679960867,-1.2938727872098832,-1.032993801530464,2 Low Vitality
370810126082,37081012608,-2.250765255358458,-1.686619530708071,-1.0298821013547834,-1.2706431026852931,-1.06525219548044,1.1501387203231197,-1.1232742169403482,-0.9110565100838273,-1.7610762679960867,-1.2938727872098832,-1.1242303247494072,2 Low Vitality
370810126101,37081012610,0.43010906474080995,-0.04923403453697324,-0.23808790441051142,-0.04707780121524628,-1.1642238512691774,-1.331035931963427,0.8902545655537868,0.3540023146429758,0.3277160650606335,-0.5267365921549075,-0.1354314105552037,3 Moderate Vitality
370810126102,37081012610,-0.27482278605201615,0.16412259290668976,-0.2644183527649528,-0.14809219295672152,-1.1642238512691774,-1.331035931963427,0.8902545655537868,0.3540023146429758,0.3277160650606335,-0.5267365921549075,-0.19732341689971164,3 Moderate Vitality
370810126111,37081012611,-0.3168981948317263,-1.447880880028164,-0.8854407846675623,-0.8901302435689098,-0.9464862085339547,0.06196904780132041,-1.1232742169403482,-0.16542581206604265,-0.9731984581589028,-1.140445548198888,-0.7827211299193177,2 Low Vitality
370810126112,37081012611,-0.5952300779455255,-1.6018234224867145,-0.402841281256873,-1.3481127865772513,-0.9464862085339547,0.06196904780132041,-1.1232742169403482,-0.16542581206604265,-0.9731984581589028,-1.140445548198888,-0.8234868764363181,2 Low Vitality
370810126113,37081012611,0.5063314881206713,-0.9239874042465196,-0.529979731882604,-1.1191215150730804,-0.9464862085339547,0.06196904780132041,-1.1232742169403482,-0.16542581206604265,-0.9731984581589028,-1.140445548198888,-0.6353618359178348,2 Low Vitality
370810126121,37081012612,0.38388117742308164,0.30420612899183136,-0.3095562642297094,-1.0860829734132746,-0.8673088839029651,-0.2592627039978777,-1.1232742169403482,-0.5508079705920886,-0.341063936312791,-0.1278257707263202,-0.3977095413700462,2 Low Vitality
370810126122,37081012612,0.06477618219651246,0.24894676150947462,-0.5698515536764724,-0.3182216948371004,-0.8673088839029651,-0.2592627039978777,-1.1232742169403482,-0.5508079705920886,-0.341063936312791,-0.1278257707263202,-0.38438937872799767,2 Low Vitality
370810126123,37081012612,0.07283550016884681,-0.8618604894912173,-0.48785101451549795,-0.4564519151149085,-0.8673088839029651,-0.2592627039978777,-1.1232742169403482,-0.5508079705920886,-0.341063936312791,-0.1278257707263202,-0.5002871401425169,2 Low Vitality
370810126124,37081012612,0.32252545860665405,0.2757603903831311,-1.0340197432390528,-0.6202521944550946,-0.8673088839029651,-0.2592627039978777,-1.1232742169403482,-0.5508079705920886,-0.341063936312791,-0.1278257707263202,-0.43255295711767533,2 Low Vitality
370810126171,37081012617,0.18908557704191978,-0.4909539361193111,-0.4735573425516584,-0.32505725518050876,-0.7683372281142278,-0.18603596171451728,-1.1232742169403482,-0.08164708195168484,-0.3777094158401011,-1.109760100396689,-0.4747246961767127,2 Low Vitality
370810126172,37081012617,0.494089391409784,0.08000753681460322,-0.584145225640312,-2.889151890663365,-0.7683372281142278,-0.18603596171451728,-1.1232742169403482,-0.08164708195168484,-0.3777094158401011,-1.109760100396689,-0.6545964193036858,2 Low Vitality
370810126181,37081012618,-0.45762630242273294,-2.0992939240520063,-0.9444962188339522,-1.5252677254772442,-0.9464862085339547,-2.0752690595199756,-1.1232742169403482,-0.500540732523474,-1.953465035514469,-0.2505675619351163,-1.1876286985753273,1 Very Low Vitality
370810126182,37081012618,-0.3107397642296132,-1.9379793455810677,-1.0445519225808293,-1.5252677254772442,-0.9464862085339547,-2.0752690595199756,-1.1232742169403482,-0.500540732523474,-1.953465035514469,-0.2505675619351163,-1.1668141572836093,1 Very Low Vitality
370810126191,37081012619,-0.06969850473797848,-0.5293505415636331,-0.4656582080453259,-1.5252677254772442,-0.27347894917054083,-0.242250430538107,-1.1232742169403482,-0.693231811786497,-0.6525505122949327,1.9587846798232136,-0.3615976220731394,3 Moderate Vitality
370810126192,37081012619,-0.8145022336939943,-1.630599625622481,-0.6887147205336648,-1.5252677254772442,-0.27347894917054083,-0.242250430538107,-1.1232742169403482,-0.693231811786497,-0.6525505122949327,1.9587846798232136,-0.5685085546234597,2 Low Vitality
370810126201,37081012620,0.19370233586294086,0.20733807103385357,-0.3817769225733199,-0.39341285861458974,-0.9860748708494502,0.03937849247908587,-1.1232742169403482,-1.0534803512782356,-0.6433891424131055,-0.40399480094611145,-0.45449842642392807,2 Low Vitality
370810126202,37081012620,0.06418937176983447,-1.951523455350873,0.1109786109169396,-0.39341285861458974,-0.9860748708494502,0.03937849247908587,-1.1232742169403482,-1.0534803512782356,-0.6433891424131055,-0.40399480094611145,-0.6340603221226854,2 Low Vitality
370810126211,37081012621,0.6788055848196274,0.2839006975092196,-0.4254102369892513,-0.39341285861458974,-0.8871032150607129,0.7920957958159469,-1.1232742169403482,0.4964261558373841,-0.020415990448820864,0.7006813199330535,0.010229303586150863,3 Moderate Vitality
370810126212,37081012621,0.6788055848196274,-0.264994932671487,-0.24636318817905015,-0.39341285861458974,-0.8871032150607129,0.7920957958159469,-1.1232742169403482,0.4964261558373841,-0.020415990448820864,0.7006813199330535,-0.026755554550899684,3 Moderate Vitality
370810126213,37081012621,-0.6367200551211016,-0.6050687248191743,-0.039481093965582394,-0.39341285861458974,-0.8871032150607129,0.7920957958159469,-1.1232742169403482,0.4964261558373841,-0.020415990448820864,0.7006813199330535,-0.17162728833839458,3 Moderate Vitality
370810127031,37081012703,-0.1985963338771291,1.1315918661847357,2.4652968430662026,-1.3572268670351286,0.3797339790351261,-1.104205619166485,0.8902545655537868,-0.500540732523474,0.14448866742407912,0.6699958721308544,0.25207922407925676,3 Moderate Vitality
370810127032,37081012703,-0.5099750599108648,-0.5933599077064393,-0.115463244931256,-0.6767088595136131,0.3797339790351261,-1.104205619166485,0.8902545655537868,-0.500540732523474,0.14448866742407912,0.6699958721308544,-0.14157803396082863,3 Moderate Vitality
370810127033,37081012703,0.6788055848196274,-1.2133721841795815,-0.7722198567434645,-0.07062250906476325,0.3797339790351261,-1.104205619166485,0.8902545655537868,-0.500540732523474,0.14448866742407912,0.6699958721308544,-0.08976822327142944,3 Moderate Vitality
370810127034,37081012703,-1.9942281802610922,-2.0992939240520063,-0.8000549021467311,-0.7015194118711686,0.3797339790351261,-1.104205619166485,0.8902545655537868,-0.500540732523474,0.14448866742407912,0.6699958721308544,-0.511536968587711,2 Low Vitality
370810127041,37081012704,-1.3692496105626415,-0.6606055562195575,-0.563080866956759,0.27799106844904914,-1.3819614940043998,-0.37979647127667826,-1.1232742169403482,0.23671209248287486,-0.03873873021247526,-0.6801638311659027,-0.5682167616406837,2 Low Vitality
370810127042,37081012704,-1.5608341962972885,-0.7517142680942873,-0.4630251632098818,-0.8551929351470469,-1.3819614940043998,-0.37979647127667826,-1.1232742169403482,0.23671209248287486,-0.03873873021247526,-0.6801638311659027,-0.6997989213865433,2 Low Vitality
370810127043,37081012704,-1.932844863162534,-1.2094531138334217,-0.2275557250687349,-1.2281107272151999,-1.3819614940043998,-0.37979647127667826,-1.1232742169403482,0.23671209248287486,-0.03873873021247526,-0.6801638311659027,-0.7965187080396819,2 Low Vitality
370810127051,37081012705,-0.49673578073717173,-0.3406939115300041,-0.8105870814885077,-0.6972155405438377,-1.3225785005311572,-1.2027147835811576,-1.1232742169403482,-1.2126599384955155,0.2910705855333221,-0.8029056223746988,-0.7718294790689076,2 Low Vitality
370810127052,37081012705,0.4491483872490781,0.7687746702605799,-0.6428245105444956,-0.0896101766853412,-1.3225785005311572,-1.2027147835811576,-1.1232742169403482,-1.2126599384955155,0.2910705855333221,-0.8029056223746988,-0.48875741061097344,2 Low Vitality
370810127061,37081012706,-0.3066115044936819,-1.2086131221828782,-0.8181100667326338,-0.4116410195303445,-1.7778481171593494,0.6812729858494413,-1.1232742169403482,-1.2377935575298227,-0.5792595532403112,-0.9256474135834949,-0.7707525585543424,2 Low Vitality
370810127062,37081012706,0.6788055848196274,0.1896500627582107,-1.0569648482336373,-1.213680099823559,-1.7778481171593494,0.6812729858494413,-1.1232742169403482,-1.2377935575298227,-0.5792595532403112,-0.9256474135834949,-0.6364739173083243,2 Low Vitality
370810127071,37081012707,-0.34221783880362083,-0.9794688418668585,-1.026872907257133,-3.284854883876209,-1.5996991367396223,0.016336126050406425,-1.1232742169403482,-1.4975076208843319,-1.3030077739047008,-0.7722201745724998,-1.1912787268794918,1 Very Low Vitality
370810127072,37081012707,-0.9134274020542555,-1.108346965892168,-0.9128996808086226,-2.573197101456946,-1.5996991367396223,0.016336126050406425,-1.1232742169403482,-1.4975076208843319,-1.3030077739047008,-0.7722201745724998,-1.178724394720309,1 Very Low Vitality
370810128031,37081012803,0.24428751028578377,-0.30838009142413925,-0.5807598822804553,-2.2435711915637104,-0.5901882476945007,0.06432126026270774,0.8902545655537868,-0.4083841293976803,0.16281140718773351,0.6086249765264564,-0.21609838225440176,3 Moderate Vitality
370810128032,37081012803,-0.09151169635705936,1.2197016385873052,0.16138261205258447,0.2977382427744503,-0.5901882476945007,0.06432126026270774,0.8902545655537868,-0.4083841293976803,0.16281140718773351,0.6086249765264564,0.23147506294957845,3 Moderate Vitality
370810128033,37081012803,0.36473726330243256,0.31812316839628885,-0.27795972620437975,-0.9714423924897665,-0.5901882476945007,0.06432126026270774,0.8902545655537868,-0.4083841293976803,0.16281140718773351,0.6086249765264564,0.016089814544307874,3 Moderate Vitality
370810128041,37081012804,0.2632803045884357,-0.2582135019227562,-0.5924205094088507,0.0546960972310516,-0.90689754621846,-1.2185466135763723,-1.1232742169403482,-1.187526319461208,-0.13035242903075245,-0.3119384575395144,-0.5411193192278775,2 Low Vitality
370810128042,37081012804,-0.46335621109790426,-1.2754735610431875,-0.4855941189422601,-2.2716729396421678,-0.90689754621846,-1.2185466135763723,-1.1232742169403482,-1.187526319461208,-0.13035242903075245,-0.3119384575395144,-0.9374632413492178,2 Low Vitality
370810128043,37081012804,0.3146936028996089,-0.09305833244855488,-0.3464188919259273,-1.1084884212055583,-0.90689754621846,-1.2185466135763723,-1.1232742169403482,-1.187526319461208,-0.13035242903075245,-0.3119384575395144,-0.6111807625447088,2 Low Vitality
370810128051,37081012805,0.39245278747899437,-0.8336808485903785,-0.6067141813726903,0.21799003876802256,-0.90689754621846,-0.801356498837596,-1.1232742169403482,-0.7602547958779832,-0.4968072243038618,-0.7108492789681017,-0.5629391764862403,2 Low Vitality
370810136011,37081013601,0.296744420692284,-0.3505404371821797,-0.9584137415355855,-0.21872631650527205,-0.07553563759306603,-0.06391487427016679,-1.1232742169403482,0.462914663791641,-1.8160444872870531,-1.5700418174296744,-0.5416832444259421,2 Low Vitality
370810136012,37081013601,,,-2.0187785116951593,1.2372480366406504,-0.07553563759306603,-0.06391487427016679,-1.1232742169403482,0.462914663791641,-1.8160444872870531,-1.5700418174296744,,
370810136021,37081013602,0.6788055848196274,0.32880819850030174,-0.9557806967001413,-0.699494060658307,-0.5901882476945007,-1.1473033785979043,-1.1232742169403482,-0.5926973356492675,-0.6708732520585884,-0.18919666633071824,-0.4961194071309847,2 Low Vitality
370810136022,37081013602,0.5104738790894235,0.6758963193962912,-1.0227352653728636,-1.202287499251212,-0.5901882476945007,-1.1473033785979043,-1.1232742169403482,-0.5926973356492675,-0.6708732520585884,-0.18919666633071824,-0.5352185663409689,2 Low Vitality
370810136023,37081013602,0.6788055848196274,0.040285247305182986,-0.8692663663926912,-0.8096225328576597,-0.5901882476945007,-1.1473033785979043,-1.1232742169403482,-0.5926973356492675,-0.6708732520585884,-0.18919666633071824,-0.5273331164396868,2 Low Vitality
370810136024,37081013602,-1.2798603048736605,-0.8056917011455969,-0.9933956229207719,-0.31062662778886946,-0.5901882476945007,-1.1473033785979043,-1.1232742169403482,-0.5926973356492675,-0.6708732520585884,-0.18919666633071824,-0.7703107354000226,2 Low Vitality
370810137001,37081013700,0.6788055848196274,-0.13079367776860282,0.6879915791414114,-0.10404080407698033,1.0923299007140348,-0.2107154846126788,0.8902545655537868,0.24508996549431064,0.2086182565968721,1.222333932570437,0.4579873818432218,4 High Vitality
370810137002,37081013700,0.6788055848196274,0.5620066025378606,-0.42315334141601346,-0.33644985575285574,1.0923299007140348,-0.2107154846126788,0.8902545655537868,0.24508996549431064,0.2086182565968721,1.222333932570437,0.39291201265053816,4 High Vitality
370810137003,37081013700,0.41633107740125314,-0.2503695916326916,-0.45813522280119984,-0.5187314649104044,1.0923299007140348,-0.2107154846126788,0.8902545655537868,0.24508996549431064,0.2086182565968721,1.222333932570437,0.263700593437372,3 Moderate Vitality
370810137004,37081013700,0.6788055848196274,1.431364774557217,1.0539848112681462,0.5916673375409979,1.0923299007140348,-0.2107154846126788,0.8902545655537868,0.24508996549431064,0.2086182565968721,1.222333932570437,0.7203733644502751,4 High Vitality
370810137005,37081013700,0.4317032732028536,0.4694866034617554,-0.12486697648641362,0.11849466043619399,1.0923299007140348,-0.2107154846126788,0.8902545655537868,0.24508996549431064,0.2086182565968721,1.222333932570437,0.4342728696931152,4 High Vitality
370810138001,37081013800,-3.583905403515447,-1.0989406261127264,-1.2085530009027783,-1.089880506937391,-1.6194934678973687,-1.8122402383969394,-1.1232742169403482,-1.187526319461208,-1.7793990077597424,-0.8949619657812958,-1.5398174753705245,1 Very Low Vitality
370810138002,37081013800,-0.23814120908599712,-0.4682290604691538,-1.1054881030582506,-0.7670901573875648,-1.6194934678973687,-1.8122402383969394,-1.1232742169403482,-1.187526319461208,-1.7793990077597424,-0.8949619657812958,-1.0995843746237868,2 Low Vitality
370810138003,37081013800,0.6788055848196274,-0.4420459634803301,-0.9226795616259865,-0.17467492762553086,-1.6194934678973687,-1.8122402383969394,-1.1232742169403482,-1.187526319461208,-1.7793990077597424,-0.8949619657812958,-0.9277490084149121,2 Low Vitality
370810138004,37081013800,-3.856248604852926,-0.4378074776476661,-1.258957002038423,-2.4607901091431246,-1.6194934678973687,-1.8122402383969394,-1.1232742169403482,-1.187526319461208,-1.7793990077597424,-0.8949619657812958,-1.6430698409919042,1 Very Low Vitality
370810138005,37081013800,-1.37708564783193,-0.17415581259981905,-1.1336992977237237,0.012923228465780114,-1.6194934678973687,-1.8122402383969394,-1.1232742169403482,-1.187526319461208,-1.7793990077597424,-0.8949619657812958,-1.1088912745926596,2 Low Vitality
370810139001,37081013900,-5.782566860656697,-1.7294153937215158,-1.3063518090764177,0.4686272513596523,-2.015380091052318,-1.4100606860991358,-1.1232742169403482,-1.9164012714561212,-1.5412033908322216,-1.232501891605485,-1.7588528360080606,1 Very Low Vitality
370810139002,37081013900,-3.9421543528619907,-1.9465682297101314,-1.504206320996934,-1.8531847452846277,-2.015380091052318,-1.4100606860991358,-1.1232742169403482,-1.9164012714561212,-1.5412033908322216,-1.232501891605485,-1.8484935196839314,1 Very Low Vitality
370810139003,37081013900,-2.263389314998331,-0.307135861232127,-1.4052790650366758,-2.1736965747199855,-2.015380091052318,-1.4100606860991358,-1.1232742169403482,-1.9164012714561212,-1.5412033908322216,-1.232501891605485,-1.5388322363972748,1 Very Low Vitality
370810139004,37081013900,-1.9751803310053426,-1.3228420110798533,-1.2604615990872483,-0.7268363020319396,-2.015380091052318,-1.4100606860991358,-1.1232742169403482,-1.9164012714561212,-1.5412033908322216,-1.232501891605485,-1.4524141791190015,1 Very Low Vitality
370810140001,37081014000,-1.5389843101658713,-1.7793636859903288,-1.164919686486847,-1.6245732271328688,-0.6297769100099956,-1.4860845002043743,-1.1232742169403482,-0.8943007640609557,-0.936552978631592,0.025601468284674928,-1.115222881133851,2 Low Vitality
370810140002,37081014000,-0.3187787685766975,-0.9909352439822753,-1.0648639827399697,0.3516632188168916,-0.6297769100099956,-1.4860845002043743,-1.1232742169403482,-0.8943007640609557,-0.936552978631592,0.025601468284674928,-0.7067302678044642,2 Low Vitality
370810142001,37081014200,-0.003281670353605973,-1.280710291353381,-1.1528829100962452,-0.2521446115174891,-1.5205218121086312,-1.8057970517709794,-1.1232742169403482,-1.2461714305412586,-1.5595261305958774,-0.8642765179790969,-1.0808586643256912,2 Low Vitality
370810142002,37081014200,0.6788055848196274,0.25102726241219797,-1.2175805831957296,-1.5212803152769228,-1.5205218121086312,-1.8057970517709794,-1.1232742169403482,-1.2461714305412586,-1.5595261305958774,-0.8642765179790969,-0.9928595211177018,2 Low Vitality
370810142003,37081014200,0.6788055848196274,-0.28512147022117995,-1.2890489430149277,-0.60531522926024,-1.5205218121086312,-1.8057970517709794,-1.1232742169403482,-1.2461714305412586,-1.5595261305958774,-0.8642765179790969,-0.9620247217612912,2 Low Vitality
370810142004,37081014200,-0.5126219927880091,-2.0122706462693847,-1.3627741984073634,-0.9577263402981679,-1.5205218121086312,-1.8057970517709794,-1.1232742169403482,-1.2461714305412586,-1.5595261305958774,-0.8642765179790969,-1.2964960337699116,1 Very Low Vitality
370810143001,37081014300,-0.3527279743205522,-0.9532162313097454,-1.39060924381063,-0.49518675706088805,-1.7580537860016017,-0.2686368138634657,-1.1232742169403482,-1.2545493035526942,-2.0267559945690903,-0.49605114435270853,-1.0119061465781725,2 Low Vitality
370810143002,37081014300,0.6788055848196274,-2.0992939240520063,-1.2382687926170763,0.6060979649326373,-1.7580537860016017,-0.2686368138634657,-1.1232742169403482,-1.2545493035526942,-2.0267559945690903,-0.49605114435270853,-0.8979980426196728,2 Low Vitality
370810143003,37081014300,-1.5324727758811751,-1.9679205771270118,-1.40791210987212,-0.10176228396251141,-1.7580537860016017,-0.2686368138634657,-1.1232742169403482,-1.2545493035526942,-2.0267559945690903,-0.49605114435270853,-1.1937389006122727,1 Very Low Vitality
370810143004,37081014300,-0.07261664933664354,-0.7056128588115231,-1.416563542902865,0.4116642484979182,-1.7580537860016017,-0.2686368138634657,-1.1232742169403482,-1.2545493035526942,-2.0267559945690903,-0.49605114435270853,-0.8710450061833022,2 Low Vitality
370810144061,37081014406,0.4757777359555265,0.8810068552662624,-0.42240104289160085,0.36913187302782346,-1.2434011759001669,0.3808497058197568,-1.1232742169403482,-0.15704793905460687,0.12616592766042342,-0.21988211413291728,-0.09330743911898473,3 Moderate Vitality
370810144071,37081014407,-0.016389180921098635,0.06183829174043456,0.041014848146566876,0.8863559390123686,0.6766489464013382,0.5254284093340424,0.8902545655537868,0.3037350765743611,0.44681387352439356,-0.06645487512192215,0.3749245894244272,3 Moderate Vitality
370810144072,37081014407,0.6788055848196274,-1.025178038277933,-0.3930614004395091,0.7033148231499966,0.6766489464013382,0.5254284093340424,0.8902545655537868,0.3037350765743611,0.44681387352439356,-0.06645487512192215,0.2740306965518182,3 Moderate Vitality
370810144073,37081014407,0.6788055848196274,0.7560731258774407,0.5375318742588895,-0.7405074227187555,0.6766489464013382,0.5254284093340424,0.8902545655537868,0.3037350765743611,0.44681387352439356,-0.06645487512192215,0.4008329158503203,4 High Vitality
370810144074,37081014407,0.6788055848196274,1.431364774557217,0.5792844423637893,0.28305444648120326,0.6766489464013382,0.5254284093340424,0.8902545655537868,0.3037350765743611,0.44681387352439356,-0.06645487512192215,0.5748935244487838,4 High Vitality
370810144081,37081014408,0.6788055848196274,-1.3559973559237486,-1.2386449418792826,-0.6645567522364437,-0.8673088839029651,1.4127035316283794,-1.1232742169403482,-0.994835240198185,-1.0464894172135248,-1.2938727872098832,-0.6493470479056376,2 Low Vitality
370810144082,37081014408,0.6422499085633764,1.6653499423918306e-05,-0.09439888624770293,-0.6645567522364437,-0.8673088839029651,1.4127035316283794,-1.1232742169403482,-0.994835240198185,-1.0464894172135248,-1.2938727872098832,-0.40297660902578736,2 Low Vitality
370810144091,37081014409,0.49392327972506284,0.13594323765742988,-0.3727493402803686,0.7534422656683226,0.10261334282666099,0.05448824095690836,-1.1232742169403482,0.11104399731133814,0.4284911337607379,-1.07907465259449,-0.04951527119087462,3 Moderate Vitality
370810144092,37081014409,-0.12070767232264495,0.2870692373669457,-0.6744210485698252,0.28406712208763407,0.10261334282666099,0.05448824095690836,-1.1232742169403482,0.11104399731133814,0.4284911337607379,-1.07907465259449,-0.17297045161170832,3 Moderate Vitality
370810144101,37081014410,0.09804534960732306,-0.2698484966854839,-0.3787677284756695,0.7671133863551389,0.02343601819567136,-0.8079085230754803,-1.1232742169403482,0.21157847344856753,-0.43267763513106755,-0.15851121852851924,-0.20708145912298676,3 Moderate Vitality
370810144102,37081014410,0.3211704300343168,-0.28833976055065513,-0.21100515753165747,0.1769766767075739,0.02343601819567136,-0.8079085230754803,-1.1232742169403482,0.21157847344856753,-0.43267763513106755,-0.15851121852851924,-0.22885549133715982,3 Moderate Vitality
370810144103,37081014410,-0.02608506328847288,-1.4394497600162517,-1.0159645786531502,-0.017457039727144602,0.02343601819567136,-0.8079085230754803,-1.1232742169403482,0.21157847344856753,-0.43267763513106755,-0.15851121852851924,-0.47863135437161963,2 Low Vitality
370810144111,37081014411,-0.1522449756427559,0.0019749656053487307,-0.5111722687722888,0.025834842447772958,-0.74854289695648,-0.6837396734941061,-1.1232742169403482,-0.20731517712322156,-0.3777094158401011,-0.7722201745724998,-0.454840899128868,2 Low Vitality
370810144112,37081014411,0.2246322639098577,0.48500264915680646,-0.3930614004395091,-1.885084026887198,-0.74854289695648,-0.6837396734941061,-1.1232742169403482,-0.20731517712322156,-0.3777094158401011,-0.7722201745724998,-0.54813120691868,2 Low Vitality
370810144113,37081014411,-2.5466717924645352,-1.6657887632405053,-0.7594307818284501,-1.2341867808537834,-0.74854289695648,-0.6837396734941061,-1.1232742169403482,-0.20731517712322156,-0.3777094158401011,-0.7722201745724998,-1.011887967331403,2 Low Vitality
370810144114,37081014411,-2.354367277879655,0.34606501895360353,-0.8211192608302842,-1.0226656204623448,-0.74854289695648,-0.6837396734941061,-1.1232742169403482,-0.20731517712322156,-0.3777094158401011,-0.7722201745724998,-0.7764888695145438,2 Low Vitality
370810144121,37081014412,0.3652337107324515,0.714658682659837,0.3757876915101783,0.6501493538123783,0.3203509855618835,-0.39436016970782073,0.8902545655537868,0.37913593367728315,0.8773982579702966,-0.9256474135834949,0.325296159818678,3 Moderate Vitality
370810144122,37081014412,0.001039244385048068,0.15101601572090512,-0.3704924447071308,0.8673682713917906,0.3203509855618835,-0.39436016970782073,0.8902545655537868,0.37913593367728315,0.8773982579702966,-0.9256474135834949,0.17960632462625475,3 Moderate Vitality
370810145011,37081014501,-0.5820223717127131,-0.11234314128491076,-1.1190294764976778,0.03950596313458924,-0.8277202215874703,0.10584685717719924,-1.1232742169403482,-1.145636954404029,-1.2388781847319073,-0.21988211413291728,-0.6223433860980185,2 Low Vitality
370810145012,37081014501,-0.21119061979143647,0.14748888415386305,-1.327792317022177,0.3888790473532247,-0.8277202215874703,0.10584685717719924,-1.1232742169403482,-1.145636954404029,-1.2388781847319073,-0.21988211413291728,-0.5452159839925999,2 Low Vitality
370810145021,37081014502,0.4221044042721244,0.21659874062951542,-0.6018242409640083,0.19216681080403647,-1.0454578643226922,0.7246384332276392,-1.1232742169403482,-0.27433816121470783,-0.8266165400496598,-0.15851121852851924,-0.247451385308662,3 Moderate Vitality
370810145022,37081014502,0.21383366372585128,-0.9015234887200674,-0.6684026603745243,-0.257461158451251,-1.0454578643226922,0.7246384332276392,-1.1232742169403482,-0.27433816121470783,-0.8266165400496598,-0.15851121852851924,-0.4317113211648279,2 Low Vitality
370810145031,37081014503,-0.9533368631927036,-0.7455265650586472,-0.7767336478899401,-0.040242240871838544,-1.4809331497931373,-1.4560240635045991,-1.1232742169403482,-0.5675637166149602,-0.7441642111132099,-0.8642765179790969,-0.8752075192958481,2 Low Vitality
370810145032,37081014503,0.17874743812984503,-0.038249506082155195,-0.8308991416476481,-0.9501312732499375,-1.4809331497931373,-1.4560240635045991,-1.1232742169403482,-0.5675637166149602,-0.7441642111132099,-0.8642765179790969,-0.7876768358795248,2 Low Vitality
370810151001,37081015100,0.6788055848196274,0.4168735575867097,-0.01879288454423562,1.1871205941223244,-0.035946975277571215,-1.8878012451922843,0.8902545655537868,0.9488312984549163,0.3093933252969778,0.9154794545484467,0.34042172753686983,3 Moderate Vitality
370810151002,37081015100,0.6788055848196274,1.0959748596700762,0.3900813634740179,0.7253405175898672,-0.035946975277571215,-1.8878012451922843,0.8902545655537868,0.9488312984549163,0.3093933252969778,0.9154794545484467,0.40304127489378605,4 High Vitality
370810151003,37081015100,0.4200487391626348,0.6006215513550466,-0.3464188919259273,0.9562305558560958,-0.035946975277571215,-1.8878012451922843,0.8902545655537868,0.9488312984549163,0.3093933252969778,0.9154794545484467,0.2770692377832122,3 Moderate Vitality
370810152011,37081015201,-1.1568115871906919,0.6910653700101217,-0.24147324777036816,0.6507189838409954,0.35993964787737837,0.3879184888792787,0.8902545655537868,0.9320755524320448,0.2819092156514949,0.08697236388907298,0.28825693531731134,3 Moderate Vitality
370810152012,37081015201,-0.5579731646058661,0.8087989211929872,-0.19445458999458004,0.6507189838409954,0.35993964787737837,0.3879184888792787,0.8902545655537868,0.9320755524320448,0.2819092156514949,0.08697236388907298,0.3646159984716593,3 Moderate Vitality
370810152013,37081015201,0.6788055848196274,1.018951650218248,0.088033505922355,0.6507189838409954,0.35993964787737837,0.3879184888792787,0.8902545655537868,0.9320755524320448,0.2819092156514949,0.08697236388907298,0.5375579559084283,4 High Vitality
370810152014,37081015201,0.6788055848196274,0.08900529804151504,-0.46678665583194484,0.6507189838409954,0.35993964787737837,0.3879184888792787,0.8902545655537868,0.9320755524320448,0.2819092156514949,0.08697236388907298,0.3890813045153249,4 High Vitality
370810152021,37081015202,0.39947253690501366,1.297046237110127,-0.12674772279744514,0.6507189838409954,0.30055665440413576,-0.13221359794725024,0.8902545655537868,0.848296822317687,0.3460388048242879,0.025601468284674928,0.44990247524960136,4 High Vitality
370810152022,37081015202,0.6434664203419811,0.4030458631636066,0.5379080235210958,0.6507189838409954,0.30055665440413576,-0.13221359794725024,0.8902545655537868,0.848296822317687,0.3460388048242879,0.025601468284674928,0.4513674008305002,4 High Vitality
370810152023,37081015202,0.6788055848196274,-0.052675832275780494,-0.4366947148554405,0.6507189838409954,0.30055665440413576,-0.13221359794725024,0.8902545655537868,0.848296822317687,0.3460388048242879,0.025601468284674928,0.31186887389667234,3 Moderate Vitality
370810152024,37081015202,0.35416913304600134,0.032913162883147974,0.5375318742588895,0.6507189838409954,0.30055665440413576,-0.13221359794725024,0.8902545655537868,0.848296822317687,0.3460388048242879,0.025601468284674928,0.38538678714663566,4 High Vitality
370810153011,37081015301,0.37600898555984846,0.8798251602932903,0.03875795257332904,-0.3000747358832768,0.5182942971393583,-0.26641739844357554,0.8902545655537868,0.7980295842490722,0.6483640109246036,-0.15851121852851924,0.34245312034379166,3 Moderate Vitality
370810153012,37081015301,0.5698553340166832,0.9374093445451159,0.4171641103528719,-0.3000747358832768,0.5182942971393583,-0.26641739844357554,0.8902545655537868,0.7980295842490722,0.6483640109246036,-0.15851121852851924,0.40543678939261196,4 High Vitality
370810153013,37081015301,0.4208688876433227,1.2131465665607672,-0.4171349532207126,-0.3000747358832768,0.5182942971393583,-0.26641739844357554,0.8902545655537868,0.7980295842490722,0.6483640109246036,-0.15851121852851924,0.33468196059948263,3 Moderate Vitality
370810153021,37081015302,0.2593260592571318,-0.9754889001390191,-0.17790402245750264,-0.29771501380687637,-0.39224493611702593,-0.6225247784623915,0.8902545655537868,0.462914663791641,-0.09370694950344235,-0.9870183091878929,-0.1934107621071591,3 Moderate Vitality
370810153022,37081015302,0.5841988095553741,0.03469858253710247,0.1561165223816962,-0.29771501380687637,-0.39224493611702593,-0.6225247784623915,0.8902545655537868,0.462914663791641,-0.09370694950344235,-0.9870183091878929,-0.026502684325802862,3 Moderate Vitality
370810154011,37081015401,0.6788055848196274,1.3293553739553452,-0.46904355140518267,0.49824801284775405,0.1422020051421565,0.3676235236800851,0.8902545655537868,0.9488312984549163,0.6575253808064309,-0.6801638311659027,0.43636383626890163,4 High Vitality
370810154012,37081015401,0.6788055848196274,0.3780393623941741,0.03349186290244077,0.7785059869274855,0.1422020051421565,0.3676235236800851,0.8902545655537868,0.9488312984549163,0.6575253808064309,-0.6801638311659027,0.41951157395152006,4 High Vitality
370810154013,37081015401,0.5091775953269246,0.8939006409818029,-0.10493106558947947,0.6383769998876198,0.1422020051421565,0.3676235236800851,0.8902545655537868,0.9488312984549163,0.6575253808064309,-0.6801638311659027,0.42627971130783404,4 High Vitality
370810154021,37081015402,0.6788055848196274,0.5366746956180951,-0.6025765394884209,-1.3488722932820758,-0.4516279295902678,-0.04600170455575296,-1.1232742169403482,-0.10678070098599218,-0.3777094158401011,0.9768503501528447,-0.18645121700923917,3 Moderate Vitality
370810154022,37081015402,0.6788055848196274,1.3757012365160808,0.042519445195392094,1.19091812764644,-0.4516279295902678,-0.04600170455575296,-1.1232742169403482,-0.10678070098599218,-0.3777094158401011,0.9768503501528447,0.21594007764179227,3 Moderate Vitality
370810154023,37081015402,-2.014867010044474,-0.8304634542393166,-0.5465302994196816,-0.3584755501927258,-0.4516279295902678,-0.04600170455575296,-1.1232742169403482,-0.10678070098599218,-0.3777094158401011,0.9768503501528447,-0.4878879931655815,2 Low Vitality
370810154024,37081015402,0.3428756448438827,0.3879908454163963,0.05004243043951819,-2.280787020100045,-0.4516279295902678,-0.04600170455575296,-1.1232742169403482,-0.10678070098599218,-0.3777094158401011,0.9768503501528447,-0.26284217171598656,3 Moderate Vitality
370810155001,37081015500,0.4408552106701416,1.2562328946658863,-0.20724366490959442,-1.4658363258248357,-0.4318335984325208,-1.296821303776179,0.8902545655537868,-0.5424300975806529,-0.08454557962161385,-0.3733093531439124,-0.18146772523994945,3 Moderate Vitality
370810155002,37081015500,0.6788055848196274,-1.5480156360235484,-0.2049867693363566,0.06532919109857532,-0.4318335984325208,-1.296821303776179,0.8902545655537868,-0.5424300975806529,-0.08454557962161385,-0.3733093531439124,-0.28475529964427937,3 Moderate Vitality
370810155003,37081015500,0.494056192956619,0.41861652096621776,0.14445589525330074,-0.7004233225237748,-0.4318335984325208,-1.296821303776179,0.8902545655537868,-0.5424300975806529,-0.08454557962161385,-0.3733093531439124,-0.14819800803487296,3 Moderate Vitality
370810156011,37081015601,0.6788055848196274,1.373674272945955,2.2610477936881788,-0.7771339981368541,1.2902732122915097,1.1799756306987172,0.8902545655537868,1.1415223777179393,1.3721122315889926,1.6212447539990242,1.1031776425166877,4 High Vitality
370810156012,37081015601,0.6788055848196274,1.204798440956625,1.9751743544113871,-0.7771339981368541,1.2902732122915097,1.1799756306987172,0.8902545655537868,1.1415223777179393,1.3721122315889926,1.6212447539990242,1.0577027153900755,4 High Vitality
370810156021,37081015602,0.6788055848196274,1.431364774557217,1.4500699843713853,-0.7784827579599118,0.6568546152435905,0.48179192790973074,0.8902545655537868,0.9739649174892236,0.5384275723426708,0.7006813199330535,0.7023732504260374,4 High Vitality
370810156022,37081015602,0.6788055848196274,-0.3380415478404766,-0.020673630855267144,-0.7784827579599118,0.6568546152435905,0.48179192790973074,0.8902545655537868,0.9739649174892236,0.5384275723426708,0.7006813199330535,0.3783582566636028,3 Moderate Vitality
370810156023,37081015602,0.6788055848196274,1.2697624858646555,0.623293906041927,-0.7784827579599118,0.6568546152435905,0.48179192790973074,0.8902545655537868,0.9739649174892236,0.5384275723426708,0.7006813199330535,0.6035354137238353,4 High Vitality
370810157031,37081015703,0.6788055848196274,0.16406284873400706,0.37954918413224137,0.7823035204516012,0.7954149333478228,1.4127035316283794,0.8902545655537868,0.5969606319746135,0.7308163398610523,0.17902870729567005,0.6609899847798801,4 High Vitality
370810157032,37081015703,-0.028069793761255485,-0.22087615823385265,-0.17715172393309003,0.6987577829210578,0.7954149333478228,1.4127035316283794,0.8902545655537868,0.5969606319746135,0.7308163398610523,0.17902870729567005,0.4877838816654184,4 High Vitality
370810157033,37081015703,0.36490383762917744,-0.39014188287377083,0.2524107335065103,0.8468615903615664,0.7954149333478228,1.4127035316283794,0.8902545655537868,0.5969606319746135,0.7308163398610523,0.17902870729567005,0.5679212988284807,4 High Vitality
370810157041,37081015704,-0.44127020951938845,-0.19200131829625658,1.6073003759736209,0.8901534725364842,0.8943865891365601,-0.4320387289516951,0.8902545655537868,0.9153198064091732,0.5842344217518093,0.6086249765264564,0.5324963951120549,4 High Vitality
370810157042,37081015704,0.6788055848196274,1.0007966405804825,-0.16962873868896391,0.45039909044389737,0.8943865891365601,-0.4320387289516951,0.8902545655537868,0.9153198064091732,0.5842344217518093,0.6086249765264564,0.5421154207581134,4 High Vitality
370810157043,37081015704,0.6788055848196274,-1.0586287087149675,-0.7511554980599114,0.6702762814901908,0.8943865891365601,-0.4320387289516951,0.8902545655537868,0.9153198064091732,0.5842344217518093,0.6086249765264564,0.30000792899610296,3 Moderate Vitality
370810157051,37081015705,0.495766835473869,0.2092136865771013,-0.3930614004395091,1.2790209054059218,0.7558262710323279,-0.29104034687556274,-1.1232742169403482,0.5299376478831272,-0.3685480459582739,-0.5574220399571066,0.05364192962015466,3 Moderate Vitality
370810157052,37081015705,0.46357409061406235,-1.0037252072725111,-0.06882073641767418,0.8597732043435595,0.7558262710323279,-0.29104034687556274,-1.1232742169403482,0.5299376478831272,-0.3685480459582739,-0.5574220399571066,-0.08037193795483996,3 Moderate Vitality
370810157053,37081015705,-0.05544128398450025,-1.2519358363857926,-0.24598703891684384,0.9250907809583478,0.7558262710323279,-0.29104034687556274,-1.1232742169403482,0.5299376478831272,-0.3685480459582739,-0.5574220399571066,-0.16827941091446252,3 Moderate Vitality
370810157061,37081015706,0.6222255751143336,1.2494682233739147,2.0210645644005565,0.8658492579821443,0.8350035956633183,0.8626194021582689,0.8902545655537868,0.9404534254434805,1.5461782593437199,1.253019380372636,1.108613624940616,4 High Vitality
370810157062,37081015706,0.17588063618414054,0.8298954871136821,0.03424416142685338,-1.6276112539521606,0.8350035956633183,0.8626194021582689,0.8902545655537868,0.9404534254434805,1.5461782593437199,1.253019380372636,0.5739937659307726,4 High Vitality
370810157071,37081015707,0.2038472142400596,-0.36542588988351643,0.0951803419042748,1.1643353929776306,1.0923299007140348,1.6540509844443252,0.8902545655537868,1.0074764095349669,0.9140437374976067,-0.21988211413291728,0.6436210542850251,4 High Vitality
370810157072,37081015707,0.6788055848196274,-0.3131959941673404,-0.07145378125311831,1.0686375481699173,1.0923299007140348,1.6540509844443252,0.8902545655537868,1.0074764095349669,0.9140437374976067,-0.21988211413291728,0.6701066841180889,4 High Vitality
370810157073,37081015707,0.6788055848196274,1.431364774557217,1.7314296325017016,-1.596471479054412,1.0923299007140348,1.6540509844443252,0.8902545655537868,1.0074764095349669,0.9140437374976067,-0.21988211413291728,0.7583401996435937,4 High Vitality
370810157074,37081015707,0.6788055848196274,1.2236789687566743,0.4295770360056799,0.2121671540310452,1.0923299007140348,1.6540509844443252,0.8902545655537868,1.0074764095349669,0.9140437374976067,-0.21988211413291728,0.788250222722483,4 High Vitality
370810157075,37081015707,0.6788055848196274,1.3426547570042213,1.1107833498612982,0.2121671540310452,1.0923299007140348,1.6540509844443252,0.8902545655537868,1.0074764095349669,0.9140437374976067,-0.21988211413291728,0.8682684329327996,4 High Vitality
370810158001,37081015800,0.6788055848196274,0.08913088913552898,1.2887019508848805,1.0443333336155778,1.2506845499760149,1.6047964022369896,0.8902545655537868,1.267190472889476,1.1705620941887827,3.738540652350757,1.3023000495651422,5 Very High Vitality
370810158002,37081015800,0.6788055848196274,1.1718517486158857,2.135413940111273,0.4891339323898767,1.2506845499760149,1.6047964022369896,0.8902545655537868,1.267190472889476,1.1705620941887827,3.738540652350757,1.439723394313247,5 Very High Vitality
370810158003,37081015800,0.10130804755795399,0.813641182023661,2.4987741274025637,0.37292940655193907,1.2506845499760149,1.6047964022369896,0.8902545655537868,1.267190472889476,1.1705620941887827,3.738540652350757,1.3708681500731925,5 Very High Vitality
370810158004,37081015800,0.6788055848196274,1.1867709490511564,1.6674842579266296,0.635465557519131,1.2506845499760149,1.6047964022369896,0.8902545655537868,1.267190472889476,1.1705620941887827,3.738540652350757,1.409055508651235,5 Very High Vitality
370810159011,37081015901,0.6788055848196274,1.431364774557217,1.4959601943605545,1.1757279935499776,0.8547979268210653,0.7657988578577931,0.8902545655537868,0.5131819018602557,0.6483640109246036,1.222333932570437,0.9676589742875319,4 High Vitality
370810159012,37081015901,-0.21440511613346763,0.4999095902507637,0.3464480490580865,1.020788625766061,0.8547979268210653,0.7657988578577931,0.8902545655537868,0.5131819018602557,0.6483640109246036,1.222333932570437,0.6547472344529385,4 High Vitality
370810159013,37081015901,0.20388204544940114,1.431364774557217,0.3983566472425566,1.0982583096580192,0.8547979268210653,0.7657988578577931,0.8902545655537868,0.5131819018602557,0.6483640109246036,1.222333932570437,0.8026592972495135,4 High Vitality
370810159014,37081015901,0.6788055848196274,1.431364774557217,0.7842857902662256,1.0982583096580192,0.8547979268210653,0.7657988578577931,0.8902545655537868,0.5131819018602557,0.6483640109246036,1.222333932570437,0.888744565488903,4 High Vitality
370810159021,37081015902,0.41069248718640394,1.3761118997746,2.2542771069684653,1.3063631467795542,1.1913015565027723,1.5411051321412965,0.8902545655537868,1.0493657745921456,1.2713371628888883,1.191648484768238,1.2482457317156153,5 Very High Vitality
370810159022,37081015902,0.5039849017710256,1.1744756766992255,1.9063390394276334,1.3063631467795542,1.1913015565027723,1.5411051321412965,0.8902545655537868,1.0493657745921456,1.2713371628888883,1.191648484768238,1.202617544112457,5 Very High Vitality
370810160031,37081016003,0.6788055848196274,1.307742271104513,2.056046445785743,0.29545972265998083,0.9537695826098027,1.33175469652241,0.8902545655537868,1.2085453618094255,1.1705620941887827,1.1609630369660389,1.1053903362020112,4 High Vitality
370810160032,37081016003,0.6788055848196274,1.2892639600621087,2.8388130604370634,1.0488903738445163,0.9537695826098027,1.33175469652241,0.8902545655537868,1.2085453618094255,1.1705620941887827,1.1609630369660389,1.2571622316813564,5 Very High Vitality
370810160033,37081016003,0.6788055848196274,0.6210496634010017,1.2303988152429033,0.6721750482522486,0.9537695826098027,1.33175469652241,0.8902545655537868,1.2085453618094255,1.1705620941887827,1.1609630369660389,0.9918278449366028,4 High Vitality
370810160051,37081016005,0.6788055848196274,0.01659728185210284,1.273279831134422,1.1248410443268286,1.3496562057647523,0.6197047580902715,0.8902545655537868,0.7477623461804576,1.0148188061977124,-1.4166145784186792,0.6299105845501283,4 High Vitality
370810160061,37081016006,0.5686292057922128,0.6537116528378221,0.2809980774341895,0.18153371693651274,0.6964432775590853,-0.3314182086720771,0.8902545655537868,0.5550712669174346,0.5567503121063264,-0.7415347267703007,0.3310439139694992,3 Moderate Vitality
370810160062,37081016006,0.08987840879964998,-1.5791522407747545,-0.06205004969796069,0.9334453547114022,0.6964432775590853,-0.3314182086720771,0.8902545655537868,0.5550712669174346,0.5567503121063264,-0.7415347267703007,0.10076879597325923,3 Moderate Vitality
370810160071,37081016007,0.44325434368173133,0.12395312081008017,0.11398780501459004,1.2129438220863105,0.9141809202943079,0.8490322853400232,0.8902545655537868,0.999098536523531,0.5842344217518093,0.7313667677352526,0.6862306588791423,4 High Vitality
370810160072,37081016007,0.6788055848196274,-0.7344066955161722,2.1790472545272044,1.0929417627242575,0.9141809202943079,0.8490322853400232,0.8902545655537868,0.999098536523531,0.5842344217518093,0.7313667677352526,0.8184555403753627,4 High Vitality
370810160073,37081016007,0.6788055848196274,1.3216033642377591,0.6067433385048496,1.1180054839834204,0.9141809202943079,0.8490322853400232,0.8902545655537868,0.999098536523531,0.5842344217518093,0.7313667677352526,0.8693325268744367,4 High Vitality
370810160081,37081016008,0.6788055848196274,0.7944419695524281,0.599972651785136,0.41622128872685704,0.8152092645055705,0.7324219750647515,0.8902545655537868,1.0242321555578384,1.2713371628888883,0.8541085589440487,0.8077005177398933,4 High Vitality
370810160082,37081016008,0.6788055848196274,1.1031945750070007,-0.10342646854065424,0.8909129792413075,0.8152092645055705,0.7324219750647515,0.8902545655537868,1.0242321555578384,1.2713371628888883,0.8541085589440487,0.8157050353042166,4 High Vitality
370810160083,37081016008,0.6021932787770875,1.0682338631295494,0.6721933101287466,1.1491452588811684,0.8152092645055705,0.7324219750647515,0.8902545655537868,1.0242321555578384,1.2713371628888883,0.8541085589440487,0.9079329393431437,4 High Vitality
370810160091,37081016009,0.6788055848196274,1.0182025864220952,0.6797162953728727,1.196994181285025,1.1715072253450252,1.1187314462435431,0.8902545655537868,1.1750338697636824,1.674437437689307,0.3017704985044662,0.990545369099943,4 High Vitality
370810160092,37081016009,0.6788055848196274,1.0879389284467635,0.7662306256803229,0.863570737867675,1.1715072253450252,1.1187314462435431,0.8902545655537868,1.1750338697636824,1.674437437689307,0.3017704985044662,0.9728280919914198,4 High Vitality
370810160101,37081016010,-0.10108462825181508,-0.5180150649098432,-0.06806843789326157,0.49445047932363834,0.9141809202943079,-0.9810691636481454,0.8902545655537868,1.2001674887979898,0.44681387352439356,-1.140445548198888,0.1137184484592163,3 Moderate Vitality
370810160102,37081016010,0.6788055848196274,-0.07183991379004326,0.3265121381611524,0.4131832619075647,0.9141809202943079,-0.9810691636481454,0.8902545655537868,1.2001674887979898,0.44681387352439356,-1.140445548198888,0.26765632074217455,3 Moderate Vitality
370810160111,37081016011,0.6788055848196274,-2.0992939240520063,-1.2826544055574205,0.39647411440145586,0.06302468051116618,-0.16482930581100738,0.8902545655537868,-0.7016096847979327,-0.26777297725816823,1.253019380372636,-0.12345819718178627,3 Moderate Vitality
370810160112,37081016011,0.07225999963997468,-1.636189532940175,-0.7383664231448971,0.6881246890535341,0.06302468051116618,-0.16482930581100738,0.8902545655537868,-0.7016096847979327,-0.26777297725816823,1.253019380372636,-0.05420846088210829,3 Moderate Vitality
370810160113,37081016011,-0.7511664569690154,0.426614524873511,-0.5713561507252977,0.38280299371463955,0.06302468051116618,-0.16482930581100738,0.8902545655537868,-0.7016096847979327,-0.26777297725816823,1.253019380372636,0.0558981569464318,3 Moderate Vitality
370810161011,37081016101,0.2487747881639301,0.9421771235450959,0.7477993118322139,1.0397762933866392,0.6964432775590853,1.4485078240790965,0.8902545655537868,1.0074764095349669,0.2177796264787006,-0.3119384575395144,0.6927050762594,4 High Vitality
370810161012,37081016101,-1.8319811217232222,-0.5072197098250355,0.4829902312389752,0.8491401104760358,0.6964432775590853,1.4485078240790965,0.8902545655537868,1.0074764095349669,0.2177796264787006,-0.3119384575395144,0.2941452755832875,3 Moderate Vitality
370810161013,37081016101,0.11200244639613316,1.2550522303070684,0.031234967329202945,0.9444582019313372,0.6964432775590853,1.4485078240790965,0.8902545655537868,1.0074764095349669,0.2177796264787006,-0.3119384575395144,0.6291271091629863,4 High Vitality
370810161021,37081016102,0.5688648771912019,-1.8160860070512663,0.11474010353900266,-1.444570138089789,0.003641687037923603,-0.09448668391609939,-1.1232742169403482,-0.34136114530619405,-0.8999074991042814,0.11765781169127201,-0.49147812109485783,2 Low Vitality
370810161022,37081016102,0.26186599117716547,-0.7713913161680062,0.366760109217227,-0.23087842378244167,0.003641687037923603,-0.09448668391609939,-1.1232742169403482,-0.34136114530619405,-0.8999074991042814,0.11765781169127201,-0.27113736860937826,3 Moderate Vitality
370810161023,37081016102,-1.0401195060512853,-0.44814010480192196,-0.2147666501537205,0.5590085492336038,0.003641687037923603,-0.09448668391609939,-1.1232742169403482,-0.34136114530619405,-0.8999074991042814,0.11765781169127201,-0.3481747758311052,3 Moderate Vitality
370810161031,37081016103,-0.8149797564503416,-0.7387171596794528,-0.37500623585360643,0.5810342436734741,0.12240767398440874,-0.49089135033475456,-1.1232742169403482,0.15293336236851707,-0.15783653867623665,-0.7722201745724998,-0.361655015248084,3 Moderate Vitality
370810161032,37081016103,0.6788055848196274,-1.5374638128830342,-0.8230000071413157,0.03950596313458924,0.12240767398440874,-0.49089135033475456,-1.1232742169403482,0.15293336236851707,-0.15783653867623665,-0.7722201745724998,-0.3911033516241047,2 Low Vitality
370810161033,37081016103,0.6788055848196274,0.9001314055535146,0.15235502975963314,0.41925931554614937,0.12240767398440874,-0.49089135033475456,-1.1232742169403482,0.15293336236851707,-0.15783653867623665,-0.7722201745724998,-0.011832990849198921,3 Moderate Vitality
370810161034,37081016103,-0.1952978304233816,-0.828518808040523,0.7609645360094346,0.3465998407847375,0.12240767398440874,-0.49089135033475456,-1.1232742169403482,0.15293336236851707,-0.15783653867623665,-0.7722201745724998,-0.21851335058406463,3 Moderate Vitality
370810162011,37081016201,0.5106757816914334,-0.37034525809910884,0.6473674588231305,0.8559756708194438,1.0527412383985402,1.470885506860795,0.8902545655537868,0.5550712669174346,1.1888848339524383,2.9714044572957814,0.9772915522213677,4 High Vitality
370810162012,37081016201,0.6788055848196274,1.0594327895128866,2.982878227862078,1.0990178163628426,1.0527412383985402,1.470885506860795,0.8902545655537868,0.5550712669174346,1.1888848339524383,2.9714044572957814,1.394937628753621,5 Very High Vitality
370810162013,37081016201,0.6788055848196274,1.431364774557217,2.077486953731502,0.977496743591143,1.0527412383985402,1.470885506860795,0.8902545655537868,0.5550712669174346,1.1888848339524383,2.9714044572957814,1.3294395925678264,5 Very High Vitality
370810162031,37081016203,0.6788055848196274,1.3990228628142318,0.6481197573475431,1.286615972454153,0.8350035956633183,-0.10615224285994185,0.8902545655537868,0.6974951081118429,1.0514642857250225,0.2097141550978691,0.7590343644727453,4 High Vitality
370810162032,37081016203,-0.2903013935346418,-0.5372449240612591,0.8339374928774578,1.286615972454153,0.8350035956633183,-0.10615224285994185,0.8902545655537868,0.6974951081118429,1.0514642857250225,0.2097141550978691,0.48707866150276063,4 High Vitality
370810162033,37081016203,0.6394749444643405,-0.10539576092558524,0.5642384718755371,1.286615972454153,0.8350035956633183,-0.10615224285994185,0.8902545655537868,0.6974951081118429,1.0514642857250225,0.2097141550978691,0.5962713095160342,4 High Vitality
370810162041,37081016204,0.6372975849679908,0.9886958765486711,1.130343111496026,1.064840014645802,0.7162376087168331,1.2484250133250885,0.8902545655537868,0.8985640603863017,1.326305382179854,1.4064466193836311,1.0307409837203985,4 High Vitality
370810162051,37081016205,-0.3464654115157113,-0.047653570133377066,0.411145722157571,0.8871154457171918,0.4589113036661157,0.43078307291144885,0.8902545655537868,0.999098536523531,0.7949459290338466,0.6699958721308544,0.5148131466045258,4 High Vitality
370810162052,37081016205,0.6788055848196274,1.2489474084624073,0.8106162386206669,0.8871154457171918,0.4589113036661157,0.43078307291144885,0.8902545655537868,0.999098536523531,0.7949459290338466,0.6699958721308544,0.7869473957439477,4 High Vitality
370810163031,37081016303,0.558154690884677,1.157863044383263,0.4179164088772845,0.7617968394213767,0.7756206021900757,-0.06391487427016679,0.8902545655537868,1.0493657745921456,1.3354667520616825,-0.7722201745724998,0.6110303629121625,4 High Vitality
370810163032,37081016303,0.4347905084804246,0.4468032783933258,0.1790616273762808,1.2638307713094596,0.7756206021900757,-0.06391487427016679,0.8902545655537868,1.0493657745921456,1.3354667520616825,-0.7722201745724998,0.5539058831114515,4 High Vitality
370810163041,37081016304,0.12100563797618161,1.1850397490728526,0.9610759435031889,0.8354689897892196,1.032946907240793,-1.0900752062381514,0.8902545655537868,1.0661215206150172,1.6561146979256527,-0.5267365921549075,0.6131216213283633,4 High Vitality
370810163042,37081016304,0.5039849017710256,1.1271356803459915,0.7865426858394634,0.8354689897892196,1.032946907240793,-1.0900752062381514,0.8902545655537868,1.0661215206150172,1.6561146979256527,-0.5267365921549075,0.6281758150687892,4 High Vitality
370810163051,37081016305,0.6788055848196274,1.0913754183948472,0.8768185087689766,1.0876252157904955,0.9339752514520556,1.2611597821858087,0.8902545655537868,0.6974951081118429,1.2621757930070596,-0.2812530097373153,0.8498432218347187,4 High Vitality
370810163052,37081016305,0.5283451608843553,0.38126253867110144,0.9467822715393492,1.0511688939589858,0.9339752514520556,1.2611597821858087,0.8902545655537868,0.6974951081118429,1.2621757930070596,-0.2812530097373153,0.767136635562703,4 High Vitality
370810163061,37081016306,0.0009966818165705897,-0.15969317703910232,0.08013437141602259,0.6987577829210578,0.30055665440413576,-1.6127591804572288,0.8902545655537868,0.4545367907802052,0.6483640109246036,0.2710850507022671,0.15722335510223182,3 Moderate Vitality
370810163062,37081016306,0.5593423945165221,0.33364562215943544,0.3637509151195766,0.6987577829210578,0.30055665440413576,-1.6127591804572288,0.8902545655537868,0.4545367907802052,0.6483640109246036,0.2710850507022671,0.2907534606624362,3 Moderate Vitality
370810164051,37081016405,0.06477618219651246,0.09543986156994327,-0.9437439203095396,0.4792603452271762,0.003641687037923603,-1.2765966568921612,-1.1232742169403482,-0.5424300975806529,-0.4051935254855846,-0.8642765179790969,-0.4512396859155827,2 Low Vitality
370810164061,37081016406,0.48682001079933784,-0.29816814183726925,-0.2433539940813997,0.9091411401570622,0.5578829594548531,0.1153692753821774,0.8902545655537868,-0.14029219303173532,-0.029577360330648065,-0.09714032292412118,0.21509359391420438,3 Moderate Vitality
370810164062,37081016406,0.6788055848196274,-0.8604663105049104,0.24112625564032114,0.9091411401570622,0.5578829594548531,0.1153692753821774,0.8902545655537868,-0.14029219303173532,-0.029577360330648065,-0.09714032292412118,0.22651035942164127,3 Moderate Vitality
370810164071,37081016407,0.5893412143822229,0.6800627277252281,0.3735307959369405,1.127119564441298,0.597471621770348,1.3602578074752163,0.8902545655537868,1.0158542825464025,1.0239801760795395,0.7006813199330535,0.8358554075844035,4 High Vitality
370810164072,37081016407,0.6788055848196274,0.21708215671778316,1.5392173595142797,1.2364885299358273,0.597471621770348,1.3602578074752163,0.8902545655537868,1.0158542825464025,1.0239801760795395,0.7006813199330535,0.9260093404345865,4 High Vitality
370810164081,37081016408,0.5308997407439758,1.3602435921391896,1.0062138549679456,1.40509901840656,1.4882165238689844,0.31989425769779195,0.8902545655537868,1.2755683459009117,1.8668262052076898,-1.017703756990092,0.9125512347496745,4 High Vitality
370810164091,37081016409,0.6448799869210868,0.8196169802437375,0.7000283555320133,0.4640702111307136,1.2902732122915097,-1.1978964005391357,0.8902545655537868,0.9823427905006594,1.317144012298027,-0.03576942731972312,0.5874944286612674,4 High Vitality
370810164101,37081016410,0.6788055848196274,0.9173225119244565,0.0026476234015237647,-0.4275906603316299,0.1422020051421565,-1.45086151024529,0.8902545655537868,0.3958916797001547,0.2635864758878392,-0.40399480094611145,0.10082634749065136,3 Moderate Vitality
370810164102,37081016410,0.6788055848196274,0.256998640687197,0.0507947289639308,0.047860536887643655,0.1422020051421565,-1.45086151024529,0.8902545655537868,0.3958916797001547,0.2635864758878392,-0.40399480094611145,0.08715379064509347,3 Moderate Vitality
370810165021,37081016502,-0.3693808734591199,0.23958124760051722,0.2554199276041607,1.1316766046702365,0.8547979268210653,0.6407280553738904,0.8902545655537868,0.7226287271461502,0.7857845591520194,1.6826156496034224,0.6834106390066129,4 High Vitality
370810165022,37081016502,-0.5610411015382201,0.34598285405175017,0.19598834417556452,0.2309016527500156,0.8547979268210653,0.6407280553738904,0.8902545655537868,0.7226287271461502,0.7857845591520194,1.6826156496034224,0.5788641233089444,4 High Vitality
370810165023,37081016502,0.4445731852662273,0.3280339312418347,1.0201313776695788,0.9099006468618854,0.8547979268210653,0.6407280553738904,0.8902545655537868,0.7226287271461502,0.7857845591520194,1.6826156496034224,0.8279448624689861,4 High Vitality
370810165024,37081016502,0.6788055848196274,0.658159835283957,2.4209112301258586,0.45419662396801314,0.8547979268210653,0.6407280553738904,0.8902545655537868,0.7226287271461502,0.7857845591520194,1.6826156496034224,0.9788882757847789,4 High Vitality
370810165031,37081016503,,,-0.4931171041863862,-0.0015073989258592064,0.30055665440413576,0.6930626464841757,0.8902545655537868,-0.4670292404777308,-0.4510003748947232,-0.1278257707263202,,
370810165032,37081016503,0.5193451702741789,-1.8337715647373887,-0.1914453958969296,0.5848317771975897,0.30055665440413576,0.6930626464841757,0.8902545655537868,-0.4670292404777308,-0.4510003748947232,-0.1278257707263202,-0.008302153281922556,3 Moderate Vitality
370810165033,37081016503,0.6788055848196274,-0.2719659469529628,-0.29375799521704454,0.2916621891358652,0.30055665440413576,0.6930626464841757,0.8902545655537868,-0.4670292404777308,-0.4510003748947232,-0.1278257707263202,0.12427623121288094,3 Moderate Vitality
370810165051,37081016505,0.31792297746209236,1.3843937053961186,0.47734799230588065,0.3752079266664086,0.6370602840858435,0.48179192790973074,0.8902545655537868,0.3037350765743611,0.2544251060060107,-0.5881074877593055,0.45340320742009277,4 High Vitality
370810165052,37081016505,0.05956123763542339,-2.0992939240520063,-0.4702246600885105,-0.04479928110077717,0.6370602840858435,0.48179192790973074,0.8902545655537868,0.3037350765743611,0.2544251060060107,-0.5881074877593055,-0.05755971552354433,3 Moderate Vitality
370810165053,37081016505,0.421097598376141,-0.9691432455561538,0.5134583214776859,0.16520432278281572,0.6370602840858435,0.48179192790973074,0.8902545655537868,0.3037350765743611,0.2544251060060107,-0.5881074877593055,0.21097764694509155,3 Moderate Vitality
370810165061,37081016506,0.4766530545687368,1.0876723348695934,0.8309282987798073,0.5339448279744409,0.6172659529280957,0.09140964247932964,0.8902545655537868,0.9739649174892236,1.0331415459613669,0.6393104243286555,0.7174545564933037,4 High Vitality
370810165062,37081016506,0.6788055848196274,0.9783013301893972,0.3355397204541037,0.44356353010048943,0.6172659529280957,0.09140964247932964,0.8902545655537868,0.9739649174892236,1.0331415459613669,0.6393104243286555,0.6681557214304077,4 High Vitality
370810165063,37081016506,0.4448543766222338,1.3275218716569457,0.17003404508332948,0.22406609240660766,0.6172659529280957,0.09140964247932964,0.8902545655537868,0.9739649174892236,1.0331415459613669,0.6393104243286555,0.6411823434509575,4 High Vitality
370810166001,37081016600,0.5009603224795273,0.747223296626018,-0.43368552075779004,0.7959746411384174,0.04323034935341912,0.8581178953704611,0.8902545655537868,0.8231632032833796,-0.002093250685165168,-0.7415347267703007,0.34816107755917536,3 Moderate Vitality
370810167011,37081016701,0.25751639780086566,-0.37868975945406874,-0.06505924379561114,-0.9167129782377195,-0.6099825788522478,-0.4051396000426826,0.8902545655537868,0.4210252987344621,0.2452637361241835,0.4551977375154613,-0.010632642465357051,3 Moderate Vitality
370810167012,37081016701,0.4950250813048875,0.5518562310419276,-0.34491429487710207,0.86964679150626,-0.6099825788522478,-0.4051396000426826,0.8902545655537868,0.4210252987344621,0.2452637361241835,0.4551977375154613,0.2568232968008936,3 Moderate Vitality
370810167013,37081016701,0.6788055848196274,1.2748331081164141,-0.02706816831277433,0.2210280655873151,-0.6099825788522478,-0.4051396000426826,0.8902545655537868,0.4210252987344621,0.2452637361241835,0.4551977375154613,0.3144217749243546,3 Moderate Vitality
370810167021,37081016702,0.4633830567434657,0.5121400246234548,-0.15608736524953695,0.6288831660773306,0.4391169725083687,1.5547069966024107,0.8902545655537868,1.0661215206150172,0.36436154458794356,0.025601468284674928,0.5788481950346915,4 High Vitality
370810167022,37081016702,0.5003428042075131,0.7840773464788593,-0.1459313351699667,0.9402809150548102,0.4391169725083687,1.5547069966024107,0.8902545655537868,1.0661215206150172,0.36436154458794356,0.025601468284674928,0.6418932798723418,4 High Vitality
370810168001,37081016800,0.18192545318497022,1.431364774557217,-0.3494280860235777,0.9569900625609188,-0.07553563759306603,1.0578256274483422,0.8902545655537868,0.5299376478831272,-0.3227411965491353,0.7313667677352526,0.5031959978757836,4 High Vitality
370810168002,37081016800,0.2585136392592703,-0.7613361086332754,-0.17414252983543957,-1.020765396798488,-0.07553563759306603,1.0578256274483422,0.8902545655537868,0.5299376478831272,-0.3227411965491353,0.7313667677352526,0.11133773784703749,3 Moderate Vitality
370810168003,37081016800,0.6788055848196274,-0.057904841111282586,-0.5555578817126329,-4.002588719934058,-0.07553563759306603,1.0578256274483422,0.8902545655537868,0.5299376478831272,-0.3227411965491353,0.7313667677352526,-0.1126138083460039,3 Moderate Vitality
370810168004,37081016800,0.12827772689022582,1.431364774557217,0.24827309162224093,1.051928400663809,-0.07553563759306603,1.0578256274483422,0.8902545655537868,0.5299376478831272,-0.3227411965491353,0.7313667677352526,0.56709517682118,4 High Vitality
370810168005,37081016800,0.6788055848196274,0.44906704441951567,-0.26930829317363475,-0.7536089133769541,-0.07553563759306603,1.0578256274483422,0.8902545655537868,0.5299376478831272,-0.3227411965491353,0.7313667677352526,0.29160631971668616,3 Moderate Vitality
370810169001,37081016900,0.6788055848196274,1.3623054357091149,-0.09063739362563987,0.7268595309995133,0.7756206021900757,0.7711293182547161,0.8902545655537868,1.1247666316950677,0.6300412711609479,0.5165686331198593,0.7385714179877069,4 High Vitality
370810169002,37081016900,0.49303228066436616,1.3462886613377176,-0.30466632382102743,0.868887284801437,0.7756206021900757,0.7711293182547161,0.8902545655537868,1.1247666316950677,0.6300412711609479,0.5165686331198593,0.7111922924956947,4 High Vitality
370810169003,37081016900,0.2495617726283981,1.2390631025196777,-0.0770960201862129,0.7978734079004751,0.7756206021900757,0.7711293182547161,0.8902545655537868,1.1247666316950677,0.6300412711609479,0.5165686331198593,0.6917783284836792,4 High Vitality
370810169004,37081016900,0.2522013283763262,0.7561790473331422,0.11361165575238373,0.7978734079004751,0.7756206021900757,0.7711293182547161,0.8902545655537868,1.1247666316950677,0.6300412711609479,0.5165686331198593,0.6628246461336781,4 High Vitality
370810170001,37081017000,0.6788055848196274,1.3272556078033553,-0.23131721769079794,0.6585039275654326,0.7360319398745808,-0.15883541228374773,0.8902545655537868,1.1415223777179393,0.49262072293353215,0.24039960290006812,0.5775241699193778,4 High Vitality
370810170002,37081017000,-0.09994109421505346,0.2104239768206941,-0.4404562074775035,0.9653446363139733,0.7360319398745808,-0.15883541228374773,0.8902545655537868,1.1415223777179393,0.49262072293353215,0.24039960290006812,0.397736510813827,4 High Vitality
370810170003,37081017000,0.5030064277987387,0.5552871497157494,-0.016159839708791486,0.8115794174807546,0.7360319398745808,-0.15883541228374773,0.8902545655537868,1.1415223777179393,0.49262072293353215,0.24039960290006812,0.5195706951982612,4 High Vitality
370810171011,37081017101,0.6788055848196274,0.8168513934701684,0.26557595768373093,0.5754645278381046,1.0131525760830453,0.5918997520054848,0.8902545655537868,0.999098536523531,1.3904349713526483,1.3757611715814322,0.859729903691156,4 High Vitality
370810171012,37081017101,0.27390332334221584,1.26447987299814,0.35923712397310087,0.5754645278381046,1.0131525760830453,0.5918997520054848,0.8902545655537868,0.999098536523531,1.3904349713526483,1.3757611715814322,0.873368642125149,4 High Vitality
370810171013,37081017101,-0.13984916502430997,1.3482329215428723,0.6861108328303799,0.5754645278381046,1.0131525760830453,0.5918997520054848,0.8902545655537868,0.999098536523531,1.3904349713526483,1.3757611715814322,0.8730560690286975,4 High Vitality
370810171021,37081017102,-0.051269426775385825,0.749305707780435,0.10345562567281351,0.5611756279408551,0.49849996598161056,-0.565483626273749,0.8902545655537868,0.5299376478831272,0.666686750688258,-0.3119384575395144,0.3070624380912237,3 Moderate Vitality
370810171022,37081017102,0.6788055848196274,1.096949014397509,0.19598834417556452,0.5611756279408551,0.49849996598161056,-0.565483626273749,0.8902545655537868,0.5299376478831272,0.666686750688258,-0.3119384575395144,0.4240875417627075,4 High Vitality
370810172001,37081017200,0.440382148296087,1.1388980168858103,0.06057460978129473,0.4450825435101355,0.39952831019287316,0.5658325588009976,0.8902545655537868,1.04098790158071,0.4193297638789107,1.4985029627902282,0.6899373381270835,4 High Vitality
370810172002,37081017200,-0.010046860189000832,0.716990251881421,-0.008636854464665385,0.2088759583101451,0.39952831019287316,0.5658325588009976,0.8902545655537868,1.04098790158071,0.4193297638789107,1.4985029627902282,0.5721618558335406,4 High Vitality
370810172003,37081017200,0.6788055848196274,1.297095990859027,0.3735307959369405,0.7397711449815064,0.39952831019287316,0.5658325588009976,0.8902545655537868,1.04098790158071,0.4193297638789107,1.4985029627902282,0.7903639579394608,4 High Vitality
370819801001,37081980100,,,-2.0187785116951593,1.40509901840656,,,,1.3509692030038338,,-1.6620981608362715,,
